{
  "TranslationProperties": {
    "Name": "server.items.Plague_Doctor_Legs.name"
  },
  "Parent": "Armor_Iron_Legs",
  "Quality": "Legendary",
  "ItemLevel": 45,
  "Icon": "Icons/ItemsGenerated/HayHay_Armor_PlagueDoctor_Legs.png",
  "IconProperties": {
    "Scale": 0.5,
    "Rotation": [
      22.5,
      45,
      22.5
    ],
    "Translation": [
      5,
      -15
    ]
  },
  "Model": "Items/Armors/PlagueDoctor/Legs.blockymodel",
  "Texture": "Items/Armors/PlagueDoctor/Legs_Texture.png",
  "Recipe": {
    "TimeSeconds": 2,
    "Input": [
      {
        "ItemId": "Ingredient_Fabric_Scrap_Shadoweave",
        "Quantity": 10
      },
      {
        "ItemId": "Ingredient_Bar_Thorium",
        "Quantity": 22
      }
    ],
    "BenchRequirement": [
      {
        "Id": "Armor_Bench",
        "Type": "Crafting",
        "Categories": [
          "Armor_Legs"
        ]
      }
    ],
    "KnowledgeRequired": false
  },
  "Armor": {
    "ArmorSlot": "Legs",
    "BaseDamageResistance": 0,
    "CosmeticsToHide": [
      "Pants",
      "Shoes"
    ],
    "StatModifiers": {
      "Health": [
        {
          "Amount": 19,
          "CalculationType": "Additive"
        }
      ]
    },
    "DamageResistance": {
      "Physical": [
        {
          "Amount": 0.11,
          "CalculationType": "Multiplicative"
        }
      ],
      "Projectile": [
        {
          "Amount": 0.11,
          "CalculationType": "Multiplicative"
        }
      ],
      "Poison": [
        {
          "CalculationType": "Multiplicative",
          "Amount": 0.25
        }
      ]
    },
    "DamageEnhancement": {
      "Poison": [
        {
          "CalculationType": "Multiplicative",
          "Amount": 0.05
        }
      ]
    }
  },
  "Tags": {
    "Type": [
      "Armor"
    ]
  },
  "MaxDurability": 120,
  "ItemSoundSetId": "ISS_Armor_Cloth",
  "UsePlayerAnimations": false
}
