{
  "Type": "Variant",
  "Reference": "Summoned_Raven_Ally",
  "Modify": {
    "MaxHealth": 74,
    "HearingRange": 8,
    "ViewSector": 270,
    "Appearance": "HayHay_Raven",
    "FlockArray": [
      "Risen_Knight"
    ],
    "Attack": "Root_NPC_Attack_Melee",
    "AttackDistance": 3,
    "DesiredAttackDistanceRange": [
      2,
      2.5
    ],
    "Weapons": [],
    "OffHand": [],
    "_InteractionVars": {
      "Melee_Start": {
        "Interactions": [
          {
            "Parent": "NPC_Attack_Melee_Simple",
            "$Comment": "Sets animations and delay before hit",
            "Effects": {
              "ItemPlayerAnimationsId": "Hound_Bleached_Default",
              "ItemAnimationId": "Bite"
            },
            "RunTime": 0.167
          }
        ]
      },
      "Melee_Damage": {
        "Interactions": [
          {
            "Parent": "NPC_Attack_Melee_Damage",
            "DamageCalculator": {
              "Type": "Absolute",
              "BaseDamage": {
                "Physical": 27
              },
              "RandomPercentageModifier": 0.1
            },
            "DamageEffects": {
              "Knockback": {
                "Force": 1
              }
            }
          }
        ]
      }
    },
    "ApplySeparation": true,
    "NameTranslationKey": "server.npcRoles.Skeleton_Knight.name"
  }
}