{
  "TranslationProperties": {
    "Name": "server.items.Weapon_Spellbook_Raven.name",
    "Description": "server.items.Weapon_Spellbook_Raven.description"
  },
  "Categories": [
    "Items.Weapons"
  ],
  "Quality": "Legendary",
  "ItemLevel": 40,
  "Model": "Items/Weapons/Spellbook/Raven_Book.blockymodel",
  "Texture": "Items/Weapons/Spellbook/Raven_Book_Texture.png",
  "PlayerAnimationsId": "Spellbook",
  "IconProperties": {
    "Scale": 0.6,
    "Rotation": [
      45,
      90,
      0
    ],
    "Translation": [
      -11,
      -11
    ]
  },
  "Interactions": {
    "Primary": "Root_Spellbook_Primary_Raven",
    "Secondary": "Root_Spellbook_Primary_Raven"
  },
  "InteractionVars": {
    "Spellbook_Cast_Hurl_Charged": {
      "Interactions": [
        {
          "Parent": "Spellbook_Cast_Raven_Charged",
          "Costs": {
            "Stamina": 10
          }
        }
      ]
    },
    "Spellbook_Cast_Hurl_Cost": {
      "Interactions": [
        {
          "Parent": "Spellbook_Cast_Cost",
          "StatModifiers": {
            "Stamina": -10
          }
        }
      ]
    },
    "Spellbook_Cast_Hurl_Launch": "Spellbook_Cast_Launch",
    "Spellbook_Cast_Hurl_Effect": "Spellbook_Cast_Effect",
    "Spellbook_Cast_Hurl_Fail": "Spellbook_Cast_Fail",
    "Block_Effect": "Block_Swing_Down_Effect",
    "Block_Swing_Left_Damage": "Block_Swing_Left_Damage",
    "Block_Swing_Right_Damage": "Block_Swing_Right_Damage",
    "Block_Swing_Down_Damage": "Block_Swing_Down_Damage"
  },
  "Icon": "Icons/ItemsGenerated/Weapon_Spellbook_Raven.png",
  "DroppedItemAnimation": "Items/Animations/Dropped/Dropped_Diagonal_Left.blockyanim",
  "MaxStack": 1,
  "Tags": {
    "Type": [
      "Weapon"
    ],
    "Family": [
      "Spellbook"
    ]
  },
  "Weapon": {},
  "ItemSoundSetId": "ISS_Weapons_Books",
  "Recipe": {
    "Parent": "Weapon_Spellbook_BrotherhoodOfTheWolfSpellbook",
    "BenchRequirement": [
      {
        "Id": "Arcanebench",
        "Type": "Crafting",
        "RequiredTierLevel": 1,
        "Categories": [
          "Arcane_Misc"
        ]
      }
    ],
    "Input": [
      {
        "ItemId": "Ingredient_Feathers_Dark",
        "Quantity": 20
      },
      {
        "ItemId": "Ingredient_Life_Essence",
        "Quantity": 50
      },
      {
        "ItemId": "Ingredient_Bar_Thorium",
        "Quantity": 12
      }
    ],
    "TimeSeconds": 6,
    "KnowledgeRequired": false,
    "RequiredMemoriesLevel": 1
  },
  "Animation": "Items/Weapons/Spellbook/Raven_Book_Spin.blockyanim"
}
