{
  "TranslationProperties": {
    "Name": "server.items.Plague_Doctor_Head.name",
    "Description": "server.items.Plague_Doctor_Head.description"
  },
  "Parent": "Armor_Iron_Head",
  "Quality": "Legendary",
  "ItemLevel": 45,
  "Icon": "Icons/ItemsGenerated/HayHay_Armor_PlagueDoctor_Head.png",
  "IconProperties": {
    "Scale": 0.5,
    "Rotation": [
      22.5,
      45,
      22.5
    ],
    "Translation": [
      1,
      -63
    ]
  },
  "Model": "Items/Armors/PlagueDoctor/Head.blockymodel",
  "Texture": "Items/Armors/PlagueDoctor/Head_Texture.png",
  "Recipe": {
    "TimeSeconds": 2,
    "Input": [
      {
        "ItemId": "Ingredient_Fabric_Scrap_Shadoweave",
        "Quantity": 10
      },
      {
        "ItemId": "Ingredient_Bar_Thorium",
        "Quantity": 15
      },
      {
        "ItemId": "Ingredient_Feathers_Dark",
        "Quantity": 10
      }
    ],
    "BenchRequirement": [
      {
        "Id": "Armor_Bench",
        "Type": "Crafting",
        "Categories": [
          "Armor_Head"
        ]
      }
    ],
    "KnowledgeRequired": false
  },
  "Armor": {
    "ArmorSlot": "Head",
    "BaseDamageResistance": 0,
    "CosmeticsToHide": [
      "EarAccessory",
      "Ear",
      "Haircut",
      "HeadAccessory"
    ],
    "StatModifiers": {
      "Health": [
        {
          "Amount": 14,
          "CalculationType": "Additive"
        }
      ]
    },
    "DamageResistance": {
      "Physical": [
        {
          "Amount": 0.08,
          "CalculationType": "Multiplicative"
        }
      ],
      "Projectile": [
        {
          "Amount": 0.08,
          "CalculationType": "Multiplicative"
        }
      ]
    },
    "DamageClassEnhancement": {
      "Light": [
        {
          "CalculationType": "Multiplicative",
          "Amount": 0.03
        }
      ]
    },
    "Regenerating": {
      "Health": [
        {
          "Interval": 1,
          "Amount": 0.5,
          "RegenType": "Additive"
        }
      ],
      "Stamina": [
        {
          "Interval": 0.2,
          "Amount": 0.1,
          "RegenType": "Additive"
        }
      ]
    }
  },
  "Tags": {
    "Type": [
      "Armor"
    ]
  },
  "MaxDurability": 120,
  "ItemSoundSetId": "ISS_Armor_Cloth"
}
