{
  "TranslationProperties": {
    "Name": "server.items.Plague_Doctor_Chest.name"
  },
  "Parent": "Armor_Iron_Chest",
  "Quality": "Legendary",
  "ItemLevel": 45,
  "Icon": "Icons/ItemsGenerated/HayHay_Armor_PlagueDoctor_Chest.png",
  "IconProperties": {
    "Scale": 0.4,
    "Rotation": [
      22.5,
      45,
      22.5
    ],
    "Translation": [
      0,
      -7
    ]
  },
  "Model": "Items/Armors/PlagueDoctor/Chest.blockymodel",
  "Texture": "Items/Armors/PlagueDoctor/Chest_Texture.png",
  "Recipe": {
    "TimeSeconds": 2,
    "Input": [
      {
        "ItemId": "Ingredient_Fabric_Scrap_Shadoweave",
        "Quantity": 10
      },
      {
        "ItemId": "Ingredient_Bar_Thorium",
        "Quantity": 28
      },
      {
        "ItemId": "Ingredient_Feathers_Dark",
        "Quantity": 10
      }
    ],
    "BenchRequirement": [
      {
        "Id": "Armor_Bench",
        "Type": "Crafting",
        "Categories": [
          "Armor_Chest"
        ]
      }
    ],
    "KnowledgeRequired": false
  },
  "Armor": {
    "ArmorSlot": "Chest",
    "BaseDamageResistance": 0,
    "CosmeticsToHide": [
      "Overtop"
    ],
    "DamageResistance": {
      "Physical": [
        {
          "Amount": 0.14,
          "CalculationType": "Multiplicative"
        }
      ],
      "Projectile": [
        {
          "Amount": 0.14,
          "CalculationType": "Multiplicative"
        }
      ],
      "Poison": [
        {
          "CalculationType": "Multiplicative",
          "Amount": 0.25
        }
      ]
    },
    "StatModifiers": {
      "Health": [
        {
          "Amount": 24,
          "CalculationType": "Additive"
        }
      ]
    },
    "DamageEnhancement": {
      "Poison": [
        {
          "CalculationType": "Multiplicative",
          "Amount": 0.05
        }
      ]
    }
  },
  "Tags": {
    "Type": [
      "Armor"
    ]
  },
  "MaxDurability": 120,
  "ItemSoundSetId": "ISS_Armor_Cloth"
}
