{
  "TranslationProperties": {
    "Name": "server.items.Plague_Doctor_Hands.name"
  },
  "Parent": "Armor_Iron_Hands",
  "Quality": "Legendary",
  "ItemLevel": 45,
  "Icon": "Icons/ItemsGenerated/HayHay_Armor_PlagueDoctor_Hands.png",
  "IconProperties": {
    "Scale": 0.8,
    "Rotation": [
      21.94,
      45.565,
      22.5
    ],
    "Translation": [
      32,
      -58
    ]
  },
  "Model": "Items/Armors/PlagueDoctor/Hands.blockymodel",
  "Texture": "Items/Armors/PlagueDoctor/Hands_Texture.png",
  "Recipe": {
    "TimeSeconds": 2,
    "Input": [
      {
        "ItemId": "Ingredient_Fabric_Scrap_Shadoweave",
        "Quantity": 10
      },
      {
        "ItemId": "Ingredient_Bar_Thorium",
        "Quantity": 12
      },
      {
        "ItemId": "Ingredient_Feathers_Dark",
        "Quantity": 10
      }
    ],
    "BenchRequirement": [
      {
        "Id": "Armor_Bench",
        "Type": "Crafting",
        "Categories": [
          "Armor_Hands"
        ]
      }
    ],
    "KnowledgeRequired": false
  },
  "Armor": {
    "ArmorSlot": "Hands",
    "BaseDamageResistance": 0,
    "StatModifiers": {
      "Health": [
        {
          "Amount": 11,
          "CalculationType": "Additive"
        }
      ]
    },
    "DamageResistance": {
      "Physical": [
        {
          "Amount": 0.06,
          "CalculationType": "Multiplicative"
        }
      ],
      "Projectile": [
        {
          "Amount": 0.06,
          "CalculationType": "Multiplicative"
        }
      ],
      "Poison": [
        {
          "CalculationType": "Multiplicative",
          "Amount": 0.25
        }
      ]
    },
    "DamageEnhancement": {
      "Poison": [
        {
          "CalculationType": "Multiplicative",
          "Amount": 0.05
        }
      ]
    }
  },
  "Tags": {
    "Type": [
      "Armor"
    ]
  },
  "MaxDurability": 120,
  "ItemSoundSetId": "ISS_Armor_Cloth"
}
